product_link,in_stock,author_and_title,shipping_time,product_price,description,store,created,country_of_origin,image_link,options,categories
https://www.amazon.ca/gp/product/B0028WAWOM/ref=od_aui_detailpages00,X,Yu-Gi-Oh! - Gilasaurus (SD09-EN005) - Structure Deck 9: Dinosaur's Rage - 1st...,,30.,"YuGiOh Dark Beginning 2 - Dark Beginning 2 Single Cards! You may treat the Normal Summon of this card as a Special Summon. If you select Special Summon, your opponent may select a Monster Card from his/her Graveyard and Special Summon the monster to the field.",https://www.amazon.ca/Yu-Gi-Oh/b/ref=bl_dp_s_web_12014218011?ie=UTF8&node=12014218011&field-lbr_brands_browse-bin=Yu+Gi+Oh,March 18 2013,,https://m.media-amazon.com/images/I/71XhLvLqlwL._AC_SY550_.jpg,[],"Toys & Games,›,Games & Accessories,›,Card Games,›,Collectible Card Games,›,Singles,"
https://www.amazon.ca/gp/product/B0077E49QI/ref=oh_aui_detailpage_o00_s00,,Pokemon - Jigglypuff (78) - BW - Next Destinies,April 26 - May 4,,,https://www.amazon.ca/sp?marketplaceID=A2EUQ1WTGCTBG2&seller=A15CBTP5BTSNTZ&ref=dp_merchant_link,March 23 2013,Ships from Canada and sold by,https://m.media-amazon.com/images/I/515CnXEq5OL._AC_.jpg,[],"Toys & Games,›,Games & Accessories,›,Card Games,›,Collectible Card Games,›,Singles,"
https://www.amazon.ca/gp/product/B009FND5LY/ref=oh_aui_detailpage_o01_s00,X,"LEGO DUPLO Classic Creative Fun 10887 Building Block Toy Kit, New 2020 (120 Pieces)",,49,"Young children will love to build a rainbow of colorful models with the LEGO DUPLO 10887 Creative Fun building set, developing fine motor and cognitive skills as they go. With 120 classic DUPLO building bricks in bright colors, this set is the perfect preschool toy to inspire creativity for kids, allowing you to connect with them through free-building fun. This great building set includes ideas for easy-to-build toy parrots, a castle, balloons, an apple and a boat—after that the sky's the limit! DUPLO bricks are specially designed to be fun and safe for small hands.",https://www.amazon.ca/stores/LEGO/page/AB065105-A748-4F1B-90AF-F355AEB210D8?ref_=ast_bln,Sept. 4 2014,,https://m.media-amazon.com/images/I/81A0Y1TdRML._AC_SY450_.jpg,[],"Toys & Games,›,Building & Construction Toys,›,Building Sets,"
https://www.amazon.ca/gp/product/B00NCQZJMS/ref=od_aui_detailpages00,X,Hexbug Tony Hawk Circuit Boards Single-Colors May Vary,,34.,"Start your Tony Hawk Circuit Boards collection or add on to your existing collection! Throw down your kickturns and ollies with this single deck set, that includes authentic Birdhouse graphics and removable trucks and wheels. Graphics are selected randomly at time of shipment based on availability.",https://www.amazon.ca/stores/HEXBUG/page/3477A1B8-A074-422E-92E5-C7420FA8C610?ref_=ast_bln,Nov. 5 2014,,https://m.media-amazon.com/images/I/81lJV0srbkL._AC_SX466_.jpg,[],"Toys & Games,›,Vehicles,›,Finger Vehicles,›,Skateboards,"
https://www.amazon.ca/gp/product/B01IV0X9YO/ref=oh_aui_detailpage_o00_s00,X,,,,,,,,,[],
https://www.amazon.ca/WHATWEARS-Wooden-Board-Games-Party/dp/B01488FRBQ,X,"WHATWEARS 16mm Lot of 6 Wooden Dice Board Games Bar Party Toy (set, d6, pips, wood)",,,,https://www.amazon.ca/s/ref=bl_dp_s_web_0?ie=UTF8&search-alias=aps&field-keywords=WHATWEARS,Jan. 19 2016,,https://m.media-amazon.com/images/I/51XGuOsH-CL._AC_SX466_.jpg,[],
https://www.amazon.co.uk/BIUBIU-Educational-Developmental-Learning-Activity/dp/B01LW9LTWV/ref=pd_lpo_vtph_21_bs_lp_t_1/260-0948010-7873432,X,,,,,,,,,[],
https://www.amazon.co.uk/Christmas-Bottle-Novelty-Decoration-Pattern/dp/B0146CSP2M,X,Christmas Wine Bottle Cover Wrap Novelty Decoration Deer Pattern,,9.,,https://www.amazon.co.uk/KINGQ/b/ref=bl_dp_s_web_14433734031?ie=UTF8&node=14433734031&field-lbr_brands_browse-bin=KINGQ,B0146CSP2M,,https://m.media-amazon.com/images/I/71u7rxLn1HL._AC_SX425_.jpg,[],"Cooking & Dining,›,Kitchen Storage & Organisation,›,Shopping Bags & Baskets,›,Wine & Bottle Bags,"
https://www.amazon.co.uk/Christmas-Bottle-Novelty-Decoration-Pattern/dp/B0146CSP2M,X,Christmas Wine Bottle Cover Wrap Novelty Decoration Deer Pattern,,9.,,https://www.amazon.co.uk/KINGQ/b/ref=bl_dp_s_web_14433734031?ie=UTF8&node=14433734031&field-lbr_brands_browse-bin=KINGQ,B0146CSP2M,,https://m.media-amazon.com/images/I/71u7rxLn1HL._AC_SX425_.jpg,[],"Cooking & Dining,›,Kitchen Storage & Organisation,›,Shopping Bags & Baskets,›,Wine & Bottle Bags,"
https://www.amazon.co.uk/Cute-Bear-Rilakkuma-Sticky-Notes/dp/B013USBWJG,X,,,,,,,,,[],
https://www.amazon.co.uk/Gleader-Bronze-Vintage-Carving-Keyring/dp/B012CTBUPU,X,Gleader Old Bronze Retro Vintage Bronze Unique Hollow Carving Beauty Leaf Leaves Ring + Keyring,,,"Old Bronze Retro Vintage Bronze Unique Hollow Carving Beauty Leaf Leaves Ring + Keyring.
Engraving copper color restores a trend of old ancient ways but modern stylish retro style for daily wearing.
Designed with waterproof performance,but can't be touched in large water area,such as bathing,swimming.
Clearly textured surface feels such a good quality touch.
Classic hollow out pattern and selected bronze color will show your unique style and unlimted glamour.
Great gifts for Thanksgiving Day,wedding,valentine's day,birthdays,Christmas, Halloween,dating ect.
PlS note:Color of pictures may varies by different monitor setting.
All pictures are real stock photos.
Package included:
1 x carving hollow ring
1 x Keyring",,,,https://m.media-amazon.com/images/I/51P7V8ecvUL._AC_.jpg,[],"Novelty Jewellery,›,Body Jewellery,›,Piercing Jewellery,›,Rings,"
https://www.amazon.co.uk/goo-Flexible-Addjustable-Bright-Reading/dp/B073P18VK2,X,A-goo Mini Flexible Adjustable Bright LED Clip on Book Reading Light,,,"Features Fully adjustable lamp with 2 gooseA-gooecks Dual Super LED lights with separate switches. Easy to use with Clip-on or freestanding Beams point any direction Lowe power consumption and long battery life Ideal for pianos, music stands, orchestra pits, schools, dark clubs. Powered by 3*AAA batteries (Not included) External Color: Black Gooseneck length: approx. 18cm Included 1 x 4 LED Flexible 2 Arms Lamp Light",https://www.amazon.co.uk/A-goo/b/ref=bl_dp_s_web_6909623031?ie=UTF8&node=6909623031&field-lbr_brands_browse-bin=A-goo,B073P18VK2,,https://m.media-amazon.com/images/I/41L9dfNWzkL._AC_SX425_.jpg,[],"Indoor Lighting,›,Wall Lighting Fixtures,›,Reading Lights,"
https://www.amazon.co.uk/HeroNeo%C2%AE-Plunger-Holders-Sucker-Stand/dp/B00NNDJQGA,X,HeroNeo® 5pcs New Mini Plunger Holders Sucker Stand For Cell Phone i Phone i Pod PSP,,,"100% brand new and high quality
Material: Rubber
Color:Random delivery
Can be applied, removed very easily
Compact & light weight comparing to traditional stands
Colorful rubber toilet plunger suction stand holder
Allows you to enjoy videos and games on the screens at the right, adjustable angle
The suction rubber stand helps to lift the screen up
The angles of the screens can be adjusted by changing the placement of the suction rubber
The suction mount is strong to hold any phone and mp3, mp4
Will not leave any marks on your phone
Size:4.5cmx3cm/1.77""x1.18""
Quantity: 5 Pcs
Due to the difference between different monitors, the picture may not reflect the actual color of the item. Thank you!
Package includes:
5 x New Mini Plunger Holders Sucker Stand For Cell Phone i Phone i Pod PSP",,,,https://m.media-amazon.com/images/I/71OMEtqXMwL._AC_SX679_.jpg,[],"Mobile Phones & Communication,›,Accessories,"
https://www.amazon.co.uk/KINGSO-Adhesive-Stickers-Scrapbooking-Decorating/dp/B00SR5L88I,X,,,,,,,,,[],
https://www.amazon.co.uk/KINGSO-Adhesive-Stickers-Scrapbooking-Decorating/dp/B00SR5L88I,X,,,,,,,,,[],
https://www.amazon.co.uk/KINGSO-Adhesive-Stickers-Scrapbooking-Decorating/dp/B00SR5L88I,X,,,,,,,,,[],
https://www.amazon.co.uk/KINGSO-Adhesive-Stickers-Scrapbooking-Decorating/dp/B00SR5L88I,X,,,,,,,,,[],
https://www.amazon.co.uk/KINGSO-Adhesive-Stickers-Scrapbooking-Decorating/dp/B00SR5L88I,X,,,,,,,,,[],
https://www.amazon.co.uk/KINGSO-Adhesive-Stickers-Scrapbooking-Decorating/dp/B00SR5L88I,X,,,,,,,,,[],
https://www.amazon.co.uk/KINGSO-Adhesive-Stickers-Scrapbooking-Decorating/dp/B00SR5L88I,X,,,,,,,,,[],
https://www.amazon.co.uk/Plastic-Perler-Jewelry-Accessories-Tweezers/dp/B01NBEQYE4,X,,,,,,,,,[],
https://www.amazon.com.au/Genuine-Schabin-Decorative-Decorating-Chocolates/dp/B08HHVCG5W/ref=sr_1_25?dchild=1&keywords=dinosaur&qid=1603118009&sr=8-25,X,,,,,,,,,[],
https://www.amazon.com.au/Genuine-Schabin-Decorative-Decorating-Chocolates/dp/B08HHVCG5W/ref=sr_1_25?dchild=1&keywords=dinosaur&qid=1603118009&sr=8-25,X,,,,,,,,,[],
https://www.amazon.com.au/Sequins-Angel-Embroidered-Applique-Decoration/dp/B07THNLBWS/ref=sr_1_1?keywords=iron+on+patch+art&qid=1574956193&sr=8-1,X,1PC Sequins Angel Wings Patch Embroidered Iron-on Patch Applique for Cloth DIY Decoration (Black),,,"FEATURES:  
SIZE: 6.3""W x 13.5""L
DIY STYLE: It is easy to use. You can sew it on your clothes or iron-on your clothes.Apply with jean, leather, jacket, bag. Make your cloth more unique and fashionable.
DESIGN: Vivid angel wing shape combined with glitter sequins, fancy and eye-catching.
DURABLE:Once applied, applique is permanently attached to garment and is washable, dryable and dry cleanable.
APPLICATION:For machine washing, turn garment inside-out before washing and drying.


DESCRIPTION:
Main Material: Sequin
Size:6.3""W x 13.5""L
Color:black
Quantity:1pc

NOTE:
Due to the light and screen setting difference,the item's color may be slightly difference from the pictures.
Please allow slight dimension difference due to different manual measurement.

Package Including

1pc*Sequins wings patch",,,,https://m.media-amazon.com/images/I/71d7XE26MEL._AC_SY355_.jpg,[],
https://www.amazon.com.au/Souarts-Cactus-Embroidered-Applique-Decoration/dp/B071YMDV4P/ref=sr_1_1?keywords=iron+on+patch+cactus&qid=1574956471&sr=8-1,X,Souarts Green Cactus Potted Plant Embroidered Sew Iron On Applique Patch for Decoration 1Pc,,,"Hellocrafts Store supplies various jewelry accessories, DIY crafts and watches.",https://www.amazon.com.au/Souarts/b/ref=bl_dp_s_web_7843009051?ie=UTF8&node=7843009051&field-lbr_brands_browse-bin=Souarts,B071YMDV4P,,https://m.media-amazon.com/images/I/71MCAr9jLAL._AC_SX466_.jpg,[],"Clothing, Shoes & Accessories,›,Novelty & Special Use,›,Clothing & Accessories,›,Novelty,›,Men's,›,Accessories,›,Applique Patches,"
https://www.amazon.com.au/Souarts-Multicolor-Embroidered-Applique-Decoration/dp/B072L23XL5/ref=sr_1_9?keywords=iron+on+patch&qid=1574955066&sr=8-9,X,Souarts Multicolor Rocket Shaped Embroidered Sew Iron On Applique Patch for Decoration 1Pc,,,"Hellocrafts Store supplies various jewelry accessories, DIY crafts and watches.",https://www.amazon.com.au/Souarts/b/ref=bl_dp_s_web_7843009051?ie=UTF8&node=7843009051&field-lbr_brands_browse-bin=Souarts,B072L23XL5,,https://m.media-amazon.com/images/I/61pQB88pxUL._AC_SX466_.jpg,[],"Clothing, Shoes & Accessories,›,Novelty & Special Use,›,Clothing & Accessories,›,Novelty,›,Boys,"
https://www.amazon.com.au/ZHUOTOP-Plastic-Knife-Retractable-Dagger/dp/B07B66XQTV/ref=sr_1_1?keywords=magic+trick&qid=1574955269&sr=8-1,X,ZHUOTOP Plastic Knife Retractable Scary Trick Toy Joke Prank Props Dagger Party Cool,,,"Features:
Blade can retract into the handle.
Perfect for party and any other funny occasions use.
Made of obtuse plastic, will do no harm on human body.
You can fool your friends and make them laugh by playing this fake dagger.
Material: Plastic.
Size:15*3.2cm-5.91*1.26inch.
Note: The package only includes one pcs of trick retractable knife dagger.
Package Included:
1 x Trick retractable knife dagger
NO Retail Box. Packed Safely in Bubble Bag.",https://www.amazon.com.au/s/ref=bl_dp_s_web_0?ie=UTF8&search-alias=aps&field-keywords=ZHUOTOP,17 May 2018,,https://m.media-amazon.com/images/I/41FcAapVbyL._AC_SX466_.jpg,[],"Toys & Games,›,Novelty & Gag Toys,›,Magic Supplies,›,Magic Kits & Accessories,"
